Date,Heure,Nom,Type
09.11.2018,16:51,Der Moisey,Sport
31.07.2019,18:53,Sydney McIlreavy,Massage
03.04.2019,17:24,Orlando McClosh,Sauna
14.06.2019,19:33,Carmencita Skayman,Reiki
03.10.2019,19:05,Shirline Egglestone,Reiki
30.12.2018,18:36,Anallise Andrich,Sport
19.05.2019,18:40,Lazar Picker,Massage
17.12.2018,9:28,Tate Danilov,Massage
10.09.2019,12:04,Leeland Cressingham,Sport
13.10.2019,10:08,Robby Matchitt,Acupuncture
31.03.2019,7:07,Lorrayne Chipps,Détente
03.02.2019,7:14,Eadie Duffell,Acupuncture
24.08.2019,18:45,Tasha McGeagh,Sport
10.10.2019,15:19,Ogdon Andreini,Sport
19.08.2019,15:28,Sisile Eldredge,Sport
02.07.2019,14:09,Nanine Gepheart,Acupuncture
30.03.2019,13:15,Addi Featherby,Reiki
18.07.2019,16:55,Northrop Chiswell,Massage
22.10.2018,13:02,Bobbie Anselm,Sauna
11.06.2019,8:46,Babette Malarkey,Acupuncture
05.08.2019,14:34,Pandora Creeghan,Reiki
28.10.2018,14:28,Siobhan Emmot,Reiki
03.12.2018,14:40,Thedrick Jurick,Sport
14.08.2019,18:26,Eldridge Tant,Détente
22.05.2019,17:49,Pat Hayman,Sport
29.09.2019,11:23,Far Kineton,Acupuncture
19.10.2018,8:55,Selinda Tether,Reiki
18.10.2019,8:07,Charles Powe,Sport
12.01.2019,19:21,Brenda Dolligon,Reiki
19.06.2019,13:43,Nahum Enocksson,Acupuncture
01.03.2019,11:54,Crosby Van der Velden,Reiki
22.07.2019,19:23,Bealle Slowgrave,Sauna
16.01.2019,16:55,Mitchel Deport,Reiki
22.08.2019,10:10,Kordula Winterflood,Massage
01.05.2019,9:39,Julio Sells,Sauna
22.06.2019,17:43,Ode Fallowfield,Sauna
25.08.2019,15:19,Stephanus Kittman,Reiki
09.06.2019,7:32,Lamar Pennone,Détente
10.09.2019,13:04,Leonidas Cooney,Massage
01.02.2019,18:19,Marena Gladwin,Sauna
09.06.2019,18:28,Cello Gerrill,Reiki
26.09.2019,14:36,Marguerite Dives,Sauna
28.02.2019,11:17,Kriste Blundin,Détente
09.01.2019,8:41,Stephannie Zoephel,Sauna
25.12.2018,18:04,Erasmus Wilcott,Massage
21.09.2019,17:50,Nariko Speeks,Sauna
23.08.2019,18:32,Lonnard Thorley,Sport
16.06.2019,14:17,Giselle Sholem,Acupuncture
05.11.2018,18:54,Cherise Coursor,Reiki
23.01.2019,18:04,Sibbie Huffy,Détente
